.github/workflows/linters.yml	71	GitHub Actions — Unpinned Third-Party Action
django/contrib/auth/hashers.py	665	Weak Hash Algorithm — MD5
django/contrib/contenttypes/views.py	15	Insecure Direct Object Reference (IDOR)
django/db/backends/sqlite3/_functions.py	414	Weak Hash Algorithm — MD5
django/db/backends/sqlite3/_functions.py	460	Weak Hash Algorithm — SHA1
django/db/models/query.py	141	SQL Injection — ORM Raw Queries
django/db/models/query.py	472	SQL Injection — ORM Raw Queries
django/db/models/sql/compiler.py	1598	SQL Injection — ORM Raw Queries
django/db/models/sql/compiler.py	1694	SQL Injection — ORM Raw Queries
django/template/loaders/cached.py	96	Weak Hash Algorithm — SHA1
django/views/debug.py	29	Debug Mode Enabled
