.github/workflows/benchmark.yml	25	GitHub Actions — Unpinned Third-Party Action
.github/workflows/ci.yml	36	GitHub Actions — Unpinned Third-Party Action
.github/workflows/ci.yml	78	GitHub Actions — Unpinned Third-Party Action
.github/workflows/conventional-commits.yml	24	GitHub Actions — Unpinned Third-Party Action
.github/workflows/docs.yml	23	GitHub Actions — Unpinned Third-Party Action
.github/workflows/release-please.yml	22	GitHub Actions — Unpinned Third-Party Action
.github/workflows/release-please.yml	39	GitHub Actions — Unpinned Third-Party Action
.github/workflows/release-please.yml	44	GitHub Actions — Unpinned Third-Party Action
.github/workflows/spelling.yml	68	GitHub Actions — Unpinned Third-Party Action
.github/workflows/third-party.yml	26	GitHub Actions — Unpinned Third-Party Action
