src/Illuminate/Auth/.github/workflows/close-pull-request.yml	11	GitHub Actions — Unpinned Third-Party Action
src/Illuminate/Broadcasting/.github/workflows/close-pull-request.yml	11	GitHub Actions — Unpinned Third-Party Action
src/Illuminate/Bus/.github/workflows/close-pull-request.yml	11	GitHub Actions — Unpinned Third-Party Action
src/Illuminate/Cache/.github/workflows/close-pull-request.yml	11	GitHub Actions — Unpinned Third-Party Action
src/Illuminate/Collections/.github/workflows/close-pull-request.yml	11	GitHub Actions — Unpinned Third-Party Action
src/Illuminate/Concurrency/.github/workflows/close-pull-request.yml	11	GitHub Actions — Unpinned Third-Party Action
src/Illuminate/Conditionable/.github/workflows/close-pull-request.yml	11	GitHub Actions — Unpinned Third-Party Action
src/Illuminate/Config/.github/workflows/close-pull-request.yml	11	GitHub Actions — Unpinned Third-Party Action
src/Illuminate/Console/.github/workflows/close-pull-request.yml	11	GitHub Actions — Unpinned Third-Party Action
src/Illuminate/Container/.github/workflows/close-pull-request.yml	11	GitHub Actions — Unpinned Third-Party Action
src/Illuminate/Contracts/.github/workflows/close-pull-request.yml	11	GitHub Actions — Unpinned Third-Party Action
src/Illuminate/Cookie/.github/workflows/close-pull-request.yml	11	GitHub Actions — Unpinned Third-Party Action
src/Illuminate/Database/.github/workflows/close-pull-request.yml	11	GitHub Actions — Unpinned Third-Party Action
src/Illuminate/Encryption/.github/workflows/close-pull-request.yml	11	GitHub Actions — Unpinned Third-Party Action
src/Illuminate/Events/.github/workflows/close-pull-request.yml	11	GitHub Actions — Unpinned Third-Party Action
src/Illuminate/Events/CallQueuedListener.php	266	Insecure Deserialization
src/Illuminate/Filesystem/.github/workflows/close-pull-request.yml	11	GitHub Actions — Unpinned Third-Party Action
src/Illuminate/Hashing/.github/workflows/close-pull-request.yml	11	GitHub Actions — Unpinned Third-Party Action
src/Illuminate/Http/.github/workflows/close-pull-request.yml	11	GitHub Actions — Unpinned Third-Party Action
src/Illuminate/Image/.github/workflows/close-pull-request.yml	11	GitHub Actions — Unpinned Third-Party Action
src/Illuminate/JsonSchema/.github/workflows/close-pull-request.yml	11	GitHub Actions — Unpinned Third-Party Action
src/Illuminate/Log/.github/workflows/close-pull-request.yml	11	GitHub Actions — Unpinned Third-Party Action
src/Illuminate/Macroable/.github/workflows/close-pull-request.yml	11	GitHub Actions — Unpinned Third-Party Action
src/Illuminate/Mail/.github/workflows/close-pull-request.yml	11	GitHub Actions — Unpinned Third-Party Action
src/Illuminate/Notifications/.github/workflows/close-pull-request.yml	11	GitHub Actions — Unpinned Third-Party Action
src/Illuminate/Pagination/.github/workflows/close-pull-request.yml	11	GitHub Actions — Unpinned Third-Party Action
src/Illuminate/Pipeline/.github/workflows/close-pull-request.yml	11	GitHub Actions — Unpinned Third-Party Action
src/Illuminate/Process/.github/workflows/close-pull-request.yml	11	GitHub Actions — Unpinned Third-Party Action
src/Illuminate/Queue/.github/workflows/close-pull-request.yml	11	GitHub Actions — Unpinned Third-Party Action
src/Illuminate/Redis/.github/workflows/close-pull-request.yml	11	GitHub Actions — Unpinned Third-Party Action
src/Illuminate/Reflection/.github/workflows/close-pull-request.yml	11	GitHub Actions — Unpinned Third-Party Action
src/Illuminate/Routing/.github/workflows/close-pull-request.yml	11	GitHub Actions — Unpinned Third-Party Action
src/Illuminate/Session/.github/workflows/close-pull-request.yml	11	GitHub Actions — Unpinned Third-Party Action
src/Illuminate/Support/.github/workflows/close-pull-request.yml	11	GitHub Actions — Unpinned Third-Party Action
src/Illuminate/Testing/.github/workflows/close-pull-request.yml	11	GitHub Actions — Unpinned Third-Party Action
src/Illuminate/Translation/.github/workflows/close-pull-request.yml	11	GitHub Actions — Unpinned Third-Party Action
src/Illuminate/Validation/.github/workflows/close-pull-request.yml	11	GitHub Actions — Unpinned Third-Party Action
src/Illuminate/View/.github/workflows/close-pull-request.yml	11	GitHub Actions — Unpinned Third-Party Action
